{"cameraMode":{"drawMode":0,"name":"Shaded","section":"Shading Mode"},"sceneLighting":false,"audioPlay":false,"sceneViewState":{"showFog":true,"showMaterialUpdate":false,"showSkybox":false,"showFlares":true,"showImageEffects":true,"showParticleSystems":true,"showVisualEffectGraphs":true,"m_FxEnabled":true},"in2DMode":false,"pivot":{"x":-0.39787721633911135,"y":0.06795096397399903,"z":0.3352088928222656},"rotation":{"x":-0.08107150346040726,"y":-0.9114530086517334,"z":0.21755856275558473,"w":-0.3396539092063904},"size":5.278995990753174,"orthographic":false}